{"info":[
	{
		"title": "About Us",
		"pgraph": "We provide full service and all inclusive property management, for property owners and investors. Whether it be for single family homes or apartment leases, we strive to be there for every customer. We also provide high quality tenant procurement services for property owners and/or corporate owners who prefer to manage the property themselves."

	},
	{
		"title": "Our Story",
        "pgraph": "Founded in 2000, the management team at Roman's Rentals located in Charlotte, NC is backed by over 21 years in the property management industry, including experience in managing both investment homes and apartment buildings."

	},
	{
		"title": "Our Mission",
        "pgraph": "Our goal is to give our property owners peace of mind with the knowledge that their properties are being managed by a reputable property management company. You can rest assured that our property managers have the experience and credibility to provide superior property management service."

	}
]}
